End_Station_Id,End_Latitude,End_Longitude,End_complete_adress,End_postcode,End_county,End_district,End_city,End_state
3696.05,40.6630619,-73.9539,"404 Rogers Avenue, New York, NY 11225, United States of America",11225,Kings County,Brooklyn,New York,New York
4161.01,40.6786,-73.9037,"1 Van Sinderen Avenue, New York, NY 11233, United States of America",11233,Kings County,Brooklyn,New York,New York
4243.01,40.6812117,-74.0086,"Extech Building Materials, 87 Bowne Street, New York, NY 11231, United States of America",11231,Not found,Columbia Street Waterfront District,New York,New York
4476.03,40.6900815,-73.9479,"662 Lafayette Avenue, New York, NY 11216, United States of America",11216,Not found,Not found,New York,New York
4488.08,40.6902375,-73.992,"LensCrafters, 121 Court Street, New York, NY 11201, United States of America",11201,Kings County,Brooklyn,New York,New York
4553.04,40.69128258,-73.9452,"229 Tompkins Avenue, New York, NY 11221, United States of America",11221,Not found,Bedford-Stuyvesant,New York,New York
4590.01,40.69231661,-74.0149,"109 Andes Road, New York, NY 10004, United States of America",10004,New York County,Manhattan,New York,New York
4659.02,40.69327018,-73.977,"Citi Bike, Myrtle Avenue, New York, NY 11237, United States of America",11237,Kings County,Brooklyn,New York,New York
4700.06,40.69608941,-73.978,"Citi Bike - Park Avenue & Saint Edwards Street, Park Avenue, New York, NY 11251, United States of America",11251,Kings County,Brooklyn,New York,New York
4798.02,40.69922,-73.898,"59-02 Summerfield Street, New York, NY 11385, United States of America",11385,Queens County,Queens,New York,New York
4846.01,40.70122128,-74.0123,"Battery Maritime Building, 10 South Street, New York, NY 10004, United States of America",10004,New York County,Financial District,New York,New York
4889.06,40.701907,-74.0139,"Citi Bike - Bus Slip & State St, Peter Minuit Plaza, New York, NY 10004, United States of America",10004,New York County,Financial District,New York,New York
4920.13,40.70188859,-74.0109,"Citi Bike - South St & Broad St, South Street, New York, NY 10038, United States of America",10038,New York County,Financial District,New York,New York
4953.04,40.70355377,-74.0067,"Pier 11, New York, NY 10041, United States of America",10041,New York County,Financial District,New York,New York
4962.01,40.70463334,-74.0136,"Citi Bike - Broadway & Battery Pl, Battery Place, New York, NY 10275, United States of America",10275,New York County,Financial District,New York,New York
4962.02,40.70366171,-74.0132,"Whitehall Street-South Ferry, Stone Street, New York, NY 10004, United States of America",10004,New York County,Financial District,New York,New York
4962.08,40.70365182,-74.0117,"Stone & Webster Building, 90 Broad Street, New York, NY 10004, United States of America",10004,New York County,Financial District,New York,New York
4993.02,40.7047177,-74.0093,"Citi Bike - Pearl St & Hanover Square, Pearl Street, New York, NY 10038, United States of America",10038,New York County,Financial District,New York,New York
4993.13,40.70336687,-74.0079,"100 Old Slip - New York City Police Museum, 100 Old Slip, New York, NY 10005, United States of America",10005,New York County,Financial District,New York,New York
4993.15,40.70469668,-74.008,"NS4177, Water Street, New York, NY 10004, United States of America",10004,New York County,Financial District,New York,New York
4996.08,40.70510918,-73.9441,"Citi Bike - McKibbin St & Manhattan Ave, McKibbin Street, New York, NY 11206, United States of America",11206,Kings County,Brooklyn,New York,New York
5001.08,40.70569254,-74.0168,"1st Place, New York, NY 10280, United States of America",10280,New York County,Battery Park City,New York,New York
5024.1,40.70641076,-74.0056,"175 Water Street, New York, NY 10038, United States of America",10038,New York County,Manhattan,New York,New York
5024.1,40.70641076,-74.0056,"175 Water Street, New York, NY 10038, United States of America",10038,New York County,Manhattan,New York,New York
5033.01,40.70594513,-74.0132,"29 Broadway, New York, NY 10006, United States of America",10006,New York County,Financial District,New York,New York
5065.1,40.70706456,-74.0073,"Citi Bike - Maiden Ln & Pearl St, Maiden Lane, New York, NY 10038, United States of America",10038,New York County,Manhattan Community Board 1,New York,New York
5065.04,40.70862144,-74.0072,"Citi Bike - John St & William St, John Street, New York, NY 10038, United States of America",10038,New York County,Manhattan Community Board 1,New York,New York
5065.1,40.70706456,-74.0073,"Citi Bike - Maiden Ln & Pearl St, Maiden Lane, New York, NY 10038, United States of America",10038,New York County,Manhattan Community Board 1,New York,New York
5065.12,40.70717936,-74.0089,"60 William Street, New York, NY 10005, United States of America",10005,New York County,Manhattan,New York,New York
5065.14,40.70838,-74.005,"Exhibit, 56 Fulton Street, New York, NY 10038, United States of America",10038,New York County,Manhattan Community Board 1,New York,New York
5096.11,40.708485,-74.0028,"294 Pearl Street, New York, NY 10038, United States of America",10038,New York County,Manhattan Community Board 1,New York,New York
5096.12,40.70751888,-74.0011,"45 Peck Slip, New York, NY 10038, United States of America",10038,New York County,Manhattan Community Board 1,New York,New York
5105.01,40.70905623,-74.0104,"Citi Bike - Liberty St & Broadway, Liberty Street, New York, NY 10005, United States of America",10005,New York County,Manhattan Community Board 1,New York,New York
5105.09,40.70858894,-74.0094,"Nassau Street, New York, NY 10038, United States of America",10038,New York County,Financial District,New York,New York
5114.06,40.70834698,-74.0171,"Citi Bike - West Thames St, West Thames Street, New York, NY 10280, United States of America",10280,New York County,Manhattan Community Board 1,New York,New York
5137.1,40.71146364,-74.0055,"Pace University, Beekman Street, New York, NY 10038, United States of America",10038,New York County,Manhattan Community Board 1,New York,New York
5137.1,40.71146364,-74.0055,"Pace University, Beekman Street, New York, NY 10038, United States of America",10038,New York County,Manhattan Community Board 1,New York,New York
5145.02,40.709267,-74.0132,"2 Albany Street, New York, NY 10006, United States of America",10006,New York County,Manhattan,New York,New York
5159.04,40.71173107,-73.9919,"65-75 Pike Street, New York, NY 10002, United States of America",10002,New York County,Manhattan Community Board 3,New York,New York
5159.07,40.70991807,-73.9916,"One Manhattan Square - Base, South Street, New York, NY 10038, United States of America",10038,New York County,Manhattan Community Board 3,New York,New York
5170.01,40.710681,-73.9337,"370 Stagg Street, New York, NY 11206, United States of America",11206,Kings County,Brooklyn,New York,New York
5175.08,40.711066,-74.0094,"Citi Bike - Fulton St & Broadway, Fulton Street, New York, NY 10038, United States of America",10038,New York County,Manhattan Community Board 1,New York,New York
5184.08,40.711444,-74.0148,"Hudson River Greenway, New York, NY 10281, United States of America",10281,New York County,Battery Park City,New York,New York
5198.04,40.71076228,-73.994,"Citi Bike, Market Street, New York, NY 10002, United States of America",10002,New York County,Manhattan Community Board 3,New York,New York
5207.01,40.71273266,-74.0046,"Brooklyn Bridge-City Hall (4,5,6,<6>), Brooklyn Bridge, New York, NY 10000, United States of America",10000,New York County,Manhattan Community Board 1,New York,New York
5216.06,40.71221958,-74.0105,"Citi Bike - Vesey St & Church St, Vesey Street, New York, NY 10281, United States of America",10281,New York County,Manhattan Community Board 1,New York,New York
5238.05,40.71307916,-73.9985,"Citi Bike - Saint James Place & Oliver Street, Pearl Street, New York, NY 10278, United States of America",10278,New York County,Manhattan Community Board 3,New York,New York
5279.03,40.71494807,-74.0023,"Thomas Paine Park, New York, NY 10007, United States of America",10007,New York County,Manhattan,New York,New York
5288.08,40.71334184,-74.0094,"Chambers Street–World Trade Center–Park Place–Cortlandt Street, John Street, New York, NY 10038, United States of America",10038,New York County,Manhattan Community Board 1,New York,New York
5288.09,40.71473993,-74.0091,"Citi Bike - Warren St & W Broadway, Warren Street, New York, NY 10007, United States of America",10007,New York County,Manhattan Community Board 1,New York,New York
5288.12,40.71485151,-74.0112,"85 Murray Street, New York, NY 10007, United States of America",10007,New York County,Manhattan,New York,New York
5297.02,40.7153379,-74.0166,"Irish Hunger Memorial, Vesey Place, New York, NY 10285, United States of America",10285,New York County,Manhattan Community Board 1,New York,New York
5329.03,40.71754834,-74.0132,"Tribeca Bridge, New York, NY 10282, United States of America",10282,New York County,Manhattan Community Board 1,New York,New York
5329.08,40.71503,-74.0125,"Citi Bike - Murray St & West St, New York, NY 10007, United States of America",10007,New York County,Manhattan,New York,New York
5343.11,40.7173184,-73.9907,"318 Grand Street, New York, NY 10002, United States of America",10002,New York County,Manhattan,New York,New York
5359.1,40.71625008,-74.0091,"Citi Bike - Hudson Street & Reade Street, Hudson Street, New York, NY 10014, United States of America",10014,New York County,Manhattan Community Board 1,New York,New York
5359.11,40.717571,-74.0055,"Citi Bike - Leonard St & Church St, Leonard Street, New York, NY 10013, United States of America",10013,New York County,Manhattan Community Board 1,New York,New York
5359.12,40.71703,-74.0093,"166 Duane Street, New York, NY 10013, United States of America",10013,New York County,Manhattan Community Board 1,New York,New York
5368.03,40.71759895,-74.0159,"Citi Bike - River Terrace & Warren St, Vesey Place, New York, NY 10282, United States of America",10282,New York County,Manhattan Community Board 1,New York,New York
5382.07,40.71779818,-73.9932,"90 Forsyth Street, New York, NY 10002, United States of America",10002,New York County,Manhattan Community Board 3,New York,New York
5391.06,40.71939226,-74.0025,"Citi Bike - Lispenard St & Broadway, Lispenard Street, New York, NY 10013, United States of America",10013,New York County,Manhattan Community Board 1,New York,New York
5422.09,40.72028,-73.9988,"173 Lafayette Street, New York, NY 10013, United States of America",10013,New York County,Manhattan,New York,New York
5430.1,40.71979209,-74.0052,"3 Walker Street, New York, NY 10013, United States of America",10013,New York County,Manhattan,New York,New York
5430.08,40.71911552,-74.0067,"Franklin Street, New York, NY 10013, United States of America",10013,New York County,Manhattan,New York,New York
5430.1,40.71979209,-74.0052,"3 Walker Street, New York, NY 10013, United States of America",10013,New York County,Manhattan,New York,New York
5445.02,40.72066442,-73.9852,"164 Suffolk Street, New York, NY 10002, United States of America",10002,New York County,Manhattan Community Board 3,New York,New York
5453.01,40.72110063,-73.9919,"M’Finda Kalunga Garden, Rivington Street, New York, NY 10002, United States of America",10002,New York County,Manhattan Community Board 3,New York,New York
5453.06,40.72054,-73.9949,"154 Elizabeth Street, New York, NY 10012, United States of America",10012,New York County,Manhattan,New York,New York
5470.1,40.721319,-74.0101,"396 Greenwich Street, New York, NY 10013, United States of America",10013,New York County,Manhattan Community Board 1,New York,New York
5470.02,40.71996118,-74.0084,"122 Hudson Street, New York, NY 10013, United States of America",10013,New York County,Manhattan,New York,New York
5470.1,40.721319,-74.0101,"396 Greenwich Street, New York, NY 10013, United States of America",10013,New York County,Manhattan Community Board 1,New York,New York
5470.12,40.72019521,-74.0103,"385 Greenwich Street, New York, NY 10013, United States of America",10013,New York County,Manhattan,New York,New York
5470.13,40.719888,-74.0086,"119 Hudson Street, New York, NY 10013, United States of America",10013,New York County,Manhattan,New York,New York
5492.05,40.72210379,-73.9972,"Spring Street, Lafayette Street, New York, NY 10012, United States of America",10012,New York County,Manhattan Community Board 2,New York,New York
5500.07,40.72243797,-74.0057,"Citi Bike - 6 Ave & Canal St, Sullivan Street, New York, NY 10005, United States of America",10005,New York County,Manhattan Community Board 2,New York,New York
5509.02,40.72231,-74.0106,"414 Washington Street, New York, NY 10013, United States of America",10013,New York County,Manhattan Community Board 1,New York,New York
5532.01,40.72362738,-73.9995,"105 Mercer Street, New York, NY 10012, United States of America",10012,New York County,Manhattan Community Board 2,New York,New York
5539.06,40.72185379,-74.0077,"Citi Bike - Laight St & Hudson St, Laight Street, New York, NY 10013, United States of America",10013,New York County,Manhattan Community Board 1,New York,New York
5553.1,40.72307749,-73.9858,"29 Ave A, New York, NY 10009, United States of America",10009,New York County,Manhattan,New York,New York
5561.04,40.72317958,-73.9948,"Citi Bike - Mott St & Prince St, Mott Street, New York, NY 10012, United States of America",10012,New York County,Manhattan Community Board 2,New York,New York
5561.06,40.72456089,-73.9957,"Citi Bike - Lafayette St & Jersey St, Lafayette Street, New York, NY 10012, United States of America",10012,New York County,Manhattan Community Board 2,New York,New York
5569.06,40.72494672,-74.0017,"414 W Broadway, New York, NY 10012, United States of America",10012,New York County,Manhattan,New York,New York
5578.02,40.72405549,-74.0097,"131 Watts Street, New York, NY 10013, United States of America",10013,New York County,Manhattan Community Board 1,New York,New York
5593.02,40.72502876,-73.9907,"Citi Bike - East 2nd Street & 2nd Avenue, East 2nd Street, New York, NY 10012, United States of America",10012,New York County,Manhattan Community Board 3,New York,New York
5593.04,40.7262807,-73.9898,"Citi Bike - East 4th Street & 2nd Avenue, East 4th Street, New York, NY 10009, United States of America",10009,New York County,East Village,New York,New York
5602.06,40.72511734,-73.9993,"119 Greene Street, New York, NY 10012, United States of America",10012,New York County,Manhattan Community Board 2,New York,New York
5610.09,40.72431,-74.0047,"6th Avenue, New York, NY 10005, United States of America",10005,New York County,Hudson Square,New York,New York
5626.07,40.72621788,-73.9838,"Citi Bike - East 7th Street & Avenue A, East 7th Street, New York, NY 10009, United States of America",10009,New York County,Manhattan Community Board 3,New York,New York
5636.11,40.72743423,-73.9938,"Citi Bike - Great Jones St, Great Jones Street, New York, NY 10012, United States of America",10012,New York County,Manhattan Community Board 2,New York,New York
5636.13,40.72486122,-73.9921,"4 East 1st Street, New York, NY 10003, United States of America",10003,New York County,Manhattan Community Board 3,New York,New York
5644.05,40.726378,-74.0005,"464 West Broadway, New York, NY 10012, United States of America",10012,New York County,Manhattan Community Board 2,New York,New York
5653.12,40.72583997,-74.0077,"292 Spring Street, New York, NY 10013, United States of America",10013,New York County,Manhattan,New York,New York
5669.1,40.7284186,-73.9871,"Citi Bike - St Marks Pl & 2 Ave, Saint Mark's Place, New York, NY 10003, United States of America",10003,New York County,Manhattan Community Board 3,New York,New York
5679.05,40.72706363,-73.9966,"New York University, Cornelia Street, New York, NY 10014, United States of America",10014,New York County,Washington Square Village,New York,New York
5679.08,40.72615605,-73.9951,"Le Pain Quotidien, 65 Bleecker Street, New York, NY 10012, United States of America",10012,New York County,NoHo Historic District,New York,New York
5687.11,40.72789701,-74.0054,"200 Varick Street, New York, NY 10014, United States of America",10014,New York County,Manhattan,New York,New York
5696.03,40.72771408,-74.0113,"Citi Bike, Hudson River Park Esplanade, New York, NY 10282, United States of America",10282,New York County,Hudson Square,New York,New York
5703.13,40.72854745,-73.9818,"185 Avenue A, New York, NY 10009, United States of America",10009,New York County,Alphabet City,New York,New York
5712.03,40.72951496,-73.9908,"Manhattan, New York, NY, United States of America",not found,New York County,East Village,New York,New York
5712.12,40.72769,-73.991,"27 Cooper Square, New York, NY 10003, United States of America",10003,New York County,Manhattan,New York,New York
5721.01,40.73047747,-73.9991,"New York University, Cornelia Street, New York, NY 10014, United States of America",10014,New York County,Washington Square Village,New York,New York
5721.14,40.72917025,-73.9981,"New York University, Cornelia Street, New York, NY 10014, United States of America",10014,New York County,Washington Square Village,New York,New York
5730.08,40.728846,-74.0086,"315 West Houston Street, New York, NY 10013, United States of America",10013,New York County,Manhattan,New York,New York
5746.14,40.72953837,-73.9843,"Citi Bike - E 11 St & 1 Ave, East 11th Street, New York, NY 10009, United States of America",10009,New York County,Manhattan Community Board 3,New York,New York
5755.14,40.73143724,-73.9949,"New York University, Cornelia Street, New York, NY 10014, United States of America",10014,New York County,Washington Square Village,New York,New York
5763.03,40.73038599,-74.0021,"Citi Bike - Carmine St & 6 Ave, Carmine Street, New York, NY 10014, United States of America",10014,New York County,West Village,New York,New York
5772.05,40.73115,-74.0089,"101 Morton Street, New York, NY 10014, United States of America",10014,New York County,Manhattan,New York,New York
5788.13,40.73020661,-73.991,"Astor Place, Lafayette Street, New York, NY 10003, United States of America",10003,New York County,Manhattan Community Board 2,New York,New York
5797.01,40.73226398,-73.9985,"New York University, Cornelia Street, New York, NY 10014, United States of America",10014,New York County,Washington Square Village,New York,New York
5805.05,40.73172428,-74.0067,"Barrow's Pub, 463 Hudson Street, New York, NY 10014, United States of America",10014,New York County,Manhattan,New York,New York
5820.08,40.73153938,-73.9853,"204 2nd Avenue, New York, NY 10035, United States of America",10035,New York County,Manhattan Community Board 3,New York,New York
5847.01,40.73291553,-74.0071,"Citi Bike - Christopher St & Greenwich St, Christopher Street, New York, NY 10014, United States of America",10014,New York County,Manhattan Community Board 2,New York,New York
5847.06,40.73342399,-74.0085,"277 West 10th Street, New York, NY 10014, United States of America",10014,New York County,Manhattan Community Board 2,New York,New York
5872.1,40.73275887,-73.9958,"11 5th Avenue, New York, NY 10003, United States of America",10003,New York County,Manhattan,New York,New York
5880.02,40.73401143,-74.0029,"Citi bike - W 4 St & 7 Ave S, West 4th Street, New York, NY 10014, United States of America",10014,New York County,Manhattan Community Board 2,New York,New York
5905.14,40.734814,-73.9921,"126 University Place, New York, NY 10003, United States of America",10003,New York County,Manhattan Community Board 2,New York,New York
5914.08,40.735238,-74.0003,"Citi Bike - Greenwich Avenue & Charles Street, Greenwich Avenue, New York, NY 10014, United States of America",10014,New York County,Manhattan Community Board 2,New York,New York
5922.07,40.73535398,-74.0048,"Citi Bike - Perry St & Bleecker St, Perry Street, New York, NY 10014, United States of America",10014,New York County,Manhattan Community Board 2,New York,New York
5922.08,40.73652889,-74.0062,"Citi Bike - Bank St & Hudson St, Bank Street, New York, NY 10014, United States of America",10014,New York County,Manhattan Community Board 2,New York,New York
5944.01,40.73564,-73.9587,"Citi Bike - Franklin St & Dupont St, Dupont Street, New York, NY 11222, United States of America",11222,Kings County,Brooklyn,New York,New York
5964.01,40.7361967,-74.0086,"Citi Bike - Bank St & Washington St, Bank Street, New York, NY 10014, United States of America",10014,New York County,Manhattan Community Board 2,New York,New York
5971.09,40.73716919,-73.9812,"Gramercy East, 301 East 22nd Street, New York, NY 10010, United States of America",10010,New York County,Manhattan Community Board 6,New York,New York
5980.07,40.73704984,-73.9901,"Citi Bike - East 17th Street & Broadway, East 17th Street, New York, NY 10010, United States of America",10010,New York County,Manhattan Community Board 5,New York,New York
6055.08,40.73827428,-73.9875,"Citi Bike - East 20th Street & Park Avenue, East 20th Street, New York, NY 10003, United States of America",10003,New York County,Manhattan Community Board 5,New York,New York
6072.11,40.740983,-74.0017,"14th Street, 8th Avenue, New York, NY 10011, United States of America",10011,New York County,Chelsea District,New York,New York
6072.14,40.7394482,-74.0051,"15 Gansevoort Street, New York, NY 10014, United States of America",10014,New York County,Manhattan,New York,New York
6079.03,40.741444,-73.9754,"Citi Bike - 1st Avenue & East 30th Street, 1st Avenue, New York, NY 10016, United States of America",10016,New York County,Manhattan Community Board 6,New York,New York
6089.07,40.74025878,-73.9841,"Citi Bike - Lexington Avenue & East 24th Street, Lexington Avenue, New York, NY 10037, United States of America",10037,New York County,Manhattan Community Board 6,New York,New York
6098.1,40.73988841,-73.9896,"East 21st Street, New York, NY 10010, United States of America",10010,New York County,Manhattan,New York,New York
6098.12,40.73866091,-73.9899,"890 Broadway, New York, NY 10003, United States of America",10003,New York County,Manhattan,New York,New York
6115.06,40.74005709,-74.0053,"355 West 13th Street, New York, NY 10014, United States of America",10014,New York County,Manhattan,New York,New York
6115.09,40.74275383,-74.0075,"The High Line, Coach Passage, New York, NY 10199, United States of America",10199,New York County,Manhattan Community Board 4,New York,New York
6131.12,40.74268473,-73.9867,"East 26th Street, New York, NY 10010, United States of America",10010,New York County,Manhattan,New York,New York
6140.05,40.74173969,-73.9942,"Citi Bike - West 21st Street & 6th Avenue, West 21st Street, New York, NY 10011, United States of America",10011,New York County,Chelsea District,New York,New York
6148.02,40.74177603,-74.0015,"Citi Bike - West 17th Street & 8th Avenue, West 17th Street, New York, NY 10011, United States of America",10011,New York County,Chelsea District,New York,New York
6157.04,40.7419816,-74.0083,"53 10th Avenue, New York, NY 10014, United States of America",10014,New York County,Manhattan,New York,New York
6173.08,40.74286877,-73.9892,"16 Madison Square West, New York, NY 10010, United States of America",10010,New York County,Manhattan,New York,New York
6182.02,40.74238787,-73.9973,"Citi Bike - West 20th Street & 7th Avenue, West 20th Street, New York, NY 10011, United States of America",10011,New York County,Chelsea District,New York,New York
6190.08,40.74317449,-74.0037,"Citi Bike - 9th Avenue & West 18th Street, 9th Avenue, New York, NY 10019, United States of America",10019,New York County,Chelsea District,New York,New York
6206.08,40.74444921,-73.983,"Citi Bike - East 30th Street & Park Avenue South, East 30th Street, New York, NY 10016, United States of America",10016,New York County,Manhattan Community Board 5,New York,New York
6212.08,40.7449067,-73.9535,"47-18 Vernon Boulevard, New York, NY 11101, United States of America",11101,Queens County,Hunters Point,New York,New York
6224.03,40.74475148,-73.9992,"Citi Bike - West 22nd Street & 8th Avenue, West 22nd Street, New York, NY 10011, United States of America",10011,New York County,Chelsea District,New York,New York
6224.06,40.74591073,-73.9981,"West 23rd Street, New York, NY 10011, United States of America",10011,New York County,Chelsea District,New York,New York
6233.05,40.74334935,-74.0068,"Citi Bike - W 16 St & The High Line, West 16th Street, New York, NY 10011, United States of America",10011,New York County,Chelsea District,New York,New York
6239.08,40.743943,-73.9797,"Citi Bike - East 31st Street & 3rd Avenue, East 31st Street, New York, NY 10016, United States of America",10016,New York County,Manhattan Community Board 6,New York,New York
6247.06,40.746647,-73.9939,"West 27th Street, New York, NY 10001, United States of America",10001,New York County,Chelsea District,New York,New York
6257.03,40.74487634,-73.9953,"Citi Bike - West 24th Street & 7th Avenue, West 24th Street, New York, NY 10011, United States of America",10011,New York County,Chelsea District,New York,New York
6289.06,40.7462009,-73.9886,"Citi Bike - Broadway & West 29th Street, Broadway, New York, NY 10019, United States of America",10019,New York County,Midtown South,New York,New York
6306.01,40.745686,-74.0051,"415 West 20th Street, New York, NY 10011, United States of America",10011,New York County,Chelsea District,New York,New York
6306.06,40.74691959,-74.0045,"Citi Bike - W 22 St & 10 Ave, West 22nd Street, New York, NY 10011, United States of America",10011,New York County,Chelsea District,New York,New York
6364.1,40.74964,-73.9881,"34th Street–Herald Square, West 35th Street, New York, NY 10120, United States of America",10120,New York County,Herald Square,New York,New York
6364.07,40.74901271,-73.9885,"34th Street–Herald Square, West 35th Street, New York, NY 10120, United States of America",10120,New York County,Herald Square,New York,New York
6389.09,40.74949855,-73.9773,"Citi Bike, East 39th Street, New York, NY 10016, United States of America",10016,New York County,Manhattan Community Board 6,New York,New York
6425.04,40.751396,-74.0052,"245 11th Avenue, New York, NY 10001, United States of America",10001,New York County,Manhattan,New York,New York
6441.01,40.75097711,-73.9877,"Citi Bike - Broadway & West 36th Street, Broadway Boulevard, New York, NY 10120, United States of America",10120,New York County,Garment District,New York,New York
6450.05,40.75058535,-73.9947,"Pennsylvania Station, 4 Pennsylvania Plaza, New York, NY 10119, United States of America",10119,New York County,Manhattan Community Board 4,New York,New York
6450.12,40.751551,-73.9939,"34th Street - Penn Station, West 33rd Street, New York, NY 10001, United States of America",10001,New York County,Chelsea District,New York,New York
6459.04,40.75066386,-74.0018,"Chelsea Park Track, West 28th Street, New York, NY 10001, United States of America",10001,New York County,Chelsea,New York,New York
6459.07,40.752694,-74.0024,"West 30th Street, New York, NY 10001, United States of America",10001,New York County,Manhattan,New York,New York
6474.02,40.752269,-73.9821,"Knox Hat Building, West 40th Street, New York, NY 10018, United States of America",10018,New York County,Manhattan Community Board 5,New York,New York
6483.06,40.752149,-73.9895,"164 West 36th Street, New York, NY 10018, United States of America",10018,New York County,Garment District,New York,New York
6492.04,40.75377337,-73.9994,"Five Manhattan West, 450 West 33rd Street, New York, NY 10001, United States of America",10001,New York County,Manhattan Community Board 4,New York,New York
6498.1,40.75323098,-73.9703,"Citi bike - East 47th Street & 2nd Avenue, East 47th Street, New York, NY 10017, United States of America",10017,New York County,Manhattan Community Board 6,New York,New York
6517.08,40.75492,-73.9846,"1095 Avenue Of The Americas, 1095 6th Avenue, New York, NY 10019, United States of America",10019,New York County,Manhattan Community Board 5,New York,New York
6526.01,40.75276209,-73.9928,"West 35th Street, New York, NY 10001, United States of America",10001,New York County,Manhattan,New York,New York
6526.05,40.75461,-73.9918,"2 Bros. Pizza, 557 8th Avenue, New York, NY 10018, United States of America",10018,New York County,Manhattan Community Board 4,New York,New York
6535.04,40.755167,-74.0006,"50 Hudson Yards, 50 West 34th Street, New York, NY 10001, United States of America",10001,New York County,Manhattan Community Board 4,New York,New York
6551.02,40.75500254,-73.9801,"530 5th Avenue, New York, NY 10036, United States of America",10036,New York County,Manhattan Community Board 5,New York,New York
6560.01,40.75513557,-73.9866,"Times Square–42nd Street/Port Authority Bus Terminal, Broadway, New York, NY 10036, United States of America",10036,New York County,Manhattan Community Board 5,New York,New York
6560.14,40.754818,-73.9882,"200 West 40th Street, New York, NY 10018, United States of America",10018,New York County,Manhattan Community Board 5,New York,New York
6575.03,40.755293,-73.9676,"306 East 51st Street, New York, NY 10022, United States of America",10022,New York County,Manhattan Community Board 6,New York,New York
6578.01,40.75594159,-74.0021,"570 West 34th Street, New York, NY 10001, United States of America",10001,New York County,Manhattan,New York,New York
6584.12,40.75510267,-73.975,"Grand Central Terminal, 245 Park Avenue, New York, NY 10017, United States of America",10017,New York County,Midtown East,New York,New York
6593.15,40.756951,-73.9826,"Americas Tower, 1177 6th Avenue, New York, NY 10019, United States of America",10019,New York County,Manhattan Community Board 5,New York,New York
6602.03,40.75640548,-73.99,"Times Square–42nd Street/Port Authority Bus Terminal, Broadway, New York, NY 10036, United States of America",10036,New York County,Manhattan Community Board 5,New York,New York
6602.05,40.7575699,-73.991,"Port Authority Bus Terminal, 625 8th Avenue, New York, NY 10018, United States of America",10018,New York County,Manhattan Community Board 4,New York,New York
6611.02,40.75660359,-73.9979,"485 10th Avenue, New York, NY 10018, United States of America",10018,New York County,Manhattan,New York,New York
6626.11,40.75776935,-73.9793,"Drug Rehab and Alcohol Detox Center, 22 West 48th Street, New York, NY 10036, United States of America",10036,New York County,Manhattan,New York,New York
6644.07,40.75898481,-73.9938,"427 West 42nd Street, New York, NY 10036, United States of America",10036,New York County,Manhattan Community Board 4,New York,New York
6659.1,40.757334,-73.9742,"Grand Central Terminal, 39 East 50th Street, New York, NY 10017, United States of America",10017,New York County,Midtown East,New York,New York
6659.09,40.75863,-73.9751,"Look Building, 488 Madison Avenue, New York, NY 10022, United States of America",10022,New York County,Manhattan Community Board 5,New York,New York
6659.1,40.757334,-73.9742,"Grand Central Terminal, 39 East 50th Street, New York, NY 10017, United States of America",10017,New York County,Midtown East,New York,New York
6667.04,40.758397,-73.9826,"Rockefeller Center, 45 Rockefeller Plaza, New York, NY 10111, United States of America",10111,New York County,Manhattan Community Board 5,New York,New York
6676.02,40.75929124,-73.9886,"Citi Bike - West 45th Street & 8th Avenue, West 45th Street, New York, NY 10036, United States of America",10036,New York County,Manhattan Community Board 4,New York,New York
6708.04,40.7601774,-73.9849,"1593 Broadway, New York, NY 10019, United States of America",10019,New York County,Manhattan,New York,New York
6711.13,40.75905795,-73.919,"31-90 Steinway Street, New York, NY 11103, United States of America",11103,Queens County,Queens,New York,New York
6726.01,40.76030096,-73.9988,"Citi Bike - 11th Avenue & West 41st Street, 11th Avenue, New York, NY 10018, United States of America",10018,New York County,Hell's Kitchen,New York,New York
6740.1,40.7606597,-73.9804,"Rockefeller Center, 45 Rockefeller Plaza, New York, NY 10111, United States of America",10111,New York County,Manhattan Community Board 5,New York,New York
6740.01,40.76132983,-73.9798,"Manhattan, New York, NY, United States of America",not found,New York County,Theater District,New York,New York
6747.07,40.76171228,-73.9866,"50th Street, West 49th Street, New York, NY 10019, United States of America",10019,New York County,Manhattan Community Board 4,New York,New York
6753.08,40.7612274,-73.9609,"1123 1st Avenue, New York, NY 10065, United States of America",10065,New York County,Manhattan Community Board 8,New York,New York
6756.05,40.762009,-73.997,"Gotham West, West 44th Street, New York, NY 10036, United States of America",10036,New York County,Manhattan Community Board 4,New York,New York
6762.02,40.76095756,-73.9672,"Citi Bike - East 58th Street & 3rd Avenue, East 58th Street, New York, NY 10022, United States of America",10022,New York County,Manhattan Community Board 6,New York,New York
6765.01,40.760875,-74.0028,"Dero, Hudson River Park Esplanade, New York, NY 10199, United States of America",10199,New York County,Hudson Yards,New York,New York
6779.04,40.76228826,-73.9834,"50th Street, West 51st Street, New York, NY 10019, United States of America",10019,New York County,Manhattan Community Board 5,New York,New York
6779.05,40.76344058,-73.9827,"Citi Bike - Broadway & West 53rd Street, West 53rd Street, New York, NY 10019, United States of America",10019,New York County,Manhattan Community Board 5,New York,New York
6801.01,40.76350532,-73.9711,"35 East 59th Street, New York, NY 10022, United States of America",10022,New York County,Manhattan,New York,New York
6809.07,40.76340613,-73.9772,"Citi Bike - West 56th Street & 6th Avenue, West 56th Street, New York, NY 10019, United States of America",10019,New York County,Manhattan Community Board 5,New York,New York
6822.09,40.76500525,-73.9582,"1246 1st Avenue, New York, NY 10065, United States of America",10065,New York County,Manhattan,New York,New York
6839.1,40.7643971,-73.9737,"Citi Bike - Grand Army Plaza & Central Park South, Grand Army Plaza, New York, NY 10153, United States of America",10153,New York County,Manhattan Community Board 5,New York,New York
6839.1,40.7643971,-73.9737,"Citi Bike - Grand Army Plaza & Central Park South, Grand Army Plaza, New York, NY 10153, United States of America",10153,New York County,Manhattan Community Board 5,New York,New York
6854.05,40.76360468,-73.9892,"West 50th Street/9th Avenue, New York, NY 10019, United States of America",10019,New York County,Manhattan,New York,New York
6876.04,40.76590936,-73.9763,"Central Park Outer Loop, New York, NY 10105, United States of America",10105,New York County,Not found,New York,New York
6884.03,40.76595918,-73.9831,"946 8th Avenue, New York, NY 10019, United States of America",10019,New York County,Manhattan,New York,New York
6890.06,40.7647342,-73.9919,"500 West 50th Street, New York, NY 10019, United States of America",10019,New York County,Manhattan,New York,New York
6904.06,40.766368,-73.9715,"812 5th Avenue, New York, NY 10065, United States of America",10065,New York County,Manhattan,New York,New York
6925.09,40.76876203,-73.9584,"72nd Street, 2nd Avenue, New York, NY 10035, United States of America",10035,New York County,Manhattan Community Board 8,New York,New York
6926.01,40.76727216,-73.9939,"Citi Bike - W 52 St / 11 Ave, West 52nd Street, New York, NY 10019, United States of America",10019,New York County,Manhattan Community Board 4,New York,New York
6948.1,40.76695317,-73.9817,"Citi Bike - Broadway & West 58th Street, Broadway, New York, NY 10019, United States of America",10019,New York County,Manhattan Community Board 5,New York,New York
6948.1,40.76695317,-73.9817,"Citi Bike - Broadway & West 58th Street, Broadway, New York, NY 10019, United States of America",10019,New York County,Manhattan Community Board 5,New York,New York
6955.01,40.768254,-73.9886,"453 West 56th Street, New York, NY 10019, United States of America",10019,New York County,Hell's Kitchen,New York,New York
6955.05,40.768333,-73.9926,"560 West 54th Street, New York, NY 10019, United States of America",10019,New York County,Manhattan Community Board 4,New York,New York
7014.12,40.7700301,-73.982,"1870 Broadway, New York, NY 10023, United States of America",10023,New York County,Manhattan,New York,New York
7023.04,40.770513,-73.988,"John Jay College of Criminal Justice, 11th Avenue, New York, NY 10018, United States of America",10018,New York County,Manhattan Community Board 4,New York,New York
7059.01,40.77149671,-73.9905,"John Jay College of Criminal Justice, 11th Avenue, New York, NY 10018, United States of America",10018,New York County,Manhattan Community Board 4,New York,New York
7079.06,40.7734066,-73.9778,"77 Central Park West, New York, NY 10023, United States of America",10023,New York County,Manhattan,New York,New York
7116.04,40.77492513,-73.9827,"Apple Store, 1981 Broadway, New York, NY 10023, United States of America",10023,New York County,Manhattan,New York,New York
7183.03,40.77750703,-73.9889,"423 West 67th Street, New York, NY 10069, United States of America",10069,New York County,Manhattan,New York,New York
7188.13,40.7781314,-73.9607,"1090 Madison Avenue, New York, NY 10028, United States of America",10028,New York County,Manhattan Community Board 8,New York,New York
7207.08,40.77748046,-73.9829,"201 West 70th Street, New York, NY 10023, United States of America",10023,New York County,Manhattan,New York,New York
7281.09,40.78018397,-73.9773,"104 West 76th Street, New York, NY 10023, United States of America",10023,New York County,Not found,New York,New York
7288.04,40.78057799,-73.9856,"2 Riverside Drive, New York, NY 10023, United States of America",10023,New York County,Manhattan,New York,New York
7311.02,40.7829391,-73.9787,"Duane Reade, 380 Amsterdam Avenue, New York, NY 10024, United States of America",10024,New York County,Manhattan Community Board 7,New York,New York
7360.1,40.78524672,-73.9767,"463 Amsterdam Avenue, New York, NY 10024, United States of America",10024,New York County,Manhattan Community Board 7,New York,New York
7409.08,40.7867947,-73.9771,"210 West 84th Street, New York, NY 10024, United States of America",10024,New York County,Manhattan,New York,New York
7450.05,40.7949879,-73.9333,"299 Pleasant Avenue, New York, NY 10029, United States of America",10029,New York County,Manhattan,New York,New York
7520.07,40.7919557,-73.9681,"715 Columbus Avenue, New York, NY 10025, United States of America",10025,New York County,Manhattan,New York,New York
7524.16,40.79313481,-73.977,"Citi Bike - Riverside Drive & West 92nd Street, Riverside Drive, New York, NY 10024, United States of America",10024,New York County,Manhattan,New York,New York
7538.14,40.795,-73.9645,"55 West 100th Street, New York, NY 10025, United States of America",10025,New York County,Bloomingdale,New York,New York
7596.1,40.79747,-73.935,"P.S. 155 Playground, East 118th Street, New York, NY 10035, United States of America",10035,New York County,East Harlem,New York,New York
7606.01,40.7981856,-73.9606,"New York Cancer Hospital, 455 Central Park West, New York, NY 10025, United States of America",10025,New York County,Bloomingdale,New York,New York
7610.13,40.79904139,-73.9665,"154 West 104th Street, New York, NY 10025, United States of America",10025,New York County,Bloomingdale,New York,New York
7617.07,40.799484,-73.9556,"Central Park Outer Loop, New York, NY 10026, United States of America",10026,New York County,Not found,New York,New York
7650.05,40.8021174,-73.9682,"949 West End Avenue, New York, NY 10025, United States of America",10025,New York County,Manhattan,New York,New York
7692.11,40.8067581,-73.9607,"Citi Bike, West 116th Street, New York, NY 10027, United States of America",10027,New York County,Manhattan Community Board 9,New York,New York
7701.21,40.80722,-73.9418,"2042 5th Avenue, New York, NY 10027, United States of America",10027,New York County,Manhattan Community Board 10,New York,New York
7713.11,40.8082,-73.9641,"Halal Cart, West 116th Street, New York, NY 10027, United States of America",10027,New York County,Manhattan Community Board 9,New York,New York
7814.01,40.813539,-73.9452,"2244 Adam Clayton Powell Jr Boulevard, New York, NY 10027, United States of America",10027,New York County,Manhattan,New York,New York
7915.11,40.820681,-73.9451,"129 Edgecombe Avenue, New York, NY 10030, United States of America",10030,New York County,Manhattan,New York,New York
7922.01,40.820578,-73.8883,"924 Faile Street, New York, NY 10474, United States of America",10474,Bronx County,Bronx County,New York,New York
7937.15,40.821294,-73.9479,"The City College of New York, 160 Convent Avenue, New York, NY 10031, United States of America",10031,New York County,Manhattan Community Board 9,New York,New York
7942.21,40.823168,-73.9559,"610 Riverside Drive, New York, NY 10031, United States of America",10031,New York County,Manhattan,New York,New York
8013.07,40.827212,-73.9427,"795 St Nicholas Avenue, New York, NY 10031, United States of America",10031,New York County,Manhattan,New York,New York
8108.02,40.832164,-73.9497,"762 Riverside Drive, New York, NY 10031, United States of America",10031,New York County,Manhattan,New York,New York
8123.02,40.83299,-73.9459,"3741 Broadway, New York, NY 10032, United States of America",10032,New York County,Manhattan Community Board 12,New York,New York
8157.06,40.835775,-73.9434,"3834 Broadway, New York, NY 10032, United States of America",10032,New York County,Manhattan,New York,New York
8213.01,40.840484,-73.9179,"19 West 170th Street, New York, NY 10452, United States of America",10452,Not found,Bronx County,New York,New York
8226.07,40.84210236,-73.9422,"William Black Building, 650 West 168th Street, New York, NY 10032, United States of America",10032,New York County,Manhattan Community Board 12,New York,New York
8299.03,40.846052,-73.9376,"619 West 175th Street, New York, NY 10033, United States of America",10033,New York County,Manhattan Community Board 12,New York,New York
8320.01,40.84522,-73.9405,"300 Fort Washington Avenue, New York, NY 10032, United States of America",10032,New York County,Manhattan Community Board 12,New York,New York
8358.1,40.848282,-73.9413,"1 Cabrini Boulevard, New York, NY 10033, United States of America",10033,New York County,Manhattan Community Board 12,New York,New York
8358.03,40.849972,-73.9384,"725 West 180th Street, New York, NY 10033, United States of America",10033,New York County,Manhattan Community Board 12,New York,New York
8358.1,40.848282,-73.9413,"1 Cabrini Boulevard, New York, NY 10033, United States of America",10033,New York County,Manhattan Community Board 12,New York,New York
8381.04,40.85168,-73.9419,"Lafayette Plaza, New York, NY 10033, United States of America",10033,New York County,Hudson Heights,New York,New York
HB101,40.73593758,-74.0303,"60 Observer Highway, Hoboken, NJ 07030, United States of America",7030,Hudson County,Not found,Hoboken,New Jersey
HB102,40.73606766,-74.0291,"81 River Street, Hoboken, NJ 07030, United States of America",7030,Hudson County,Hoboken,Hoboken,New Jersey
HB103,40.736982,-74.0278,"Hoboken First World War memorial, Sinatra Drive, Hoboken, NJ 07030, United States of America",7030,Hudson County,Hoboken,Hoboken,New Jersey
HB105,40.73736,-74.031,"Hoboken City Hall, 94 Washington Street, Hoboken, NJ 07030, United States of America",7030,Hudson County,Hoboken,Hoboken,New Jersey
HB201,40.750604,-74.024,"1125 Maxwell Lane, Hoboken, NJ 07030, United States of America",7030,Hudson County,Hoboken,Hoboken,New Jersey
HB202,40.75296063,-74.0244,"1401 Hudson St, Hoboken, NJ 07030, United States of America",7030,Hudson County,Hoboken,Hoboken,New Jersey
HB203,40.75453,-74.0266,"15th Street, Hoboken, NJ 07086, United States of America",7086,Hudson County,Not found,Hoboken,New Jersey
HB301,40.74225798,-74.0351,"331 Grand Street, Hoboken, NJ 07030, United States of America",7030,Hudson County,Hoboken,Hoboken,New Jersey
HB302,40.74439783,-74.0345,"601 Grand St, Hoboken, NJ 07030, United States of America",7030,Hudson County,Hoboken,Hoboken,New Jersey
HB303,40.74542,-74.0333,"127 7th St, Hoboken, NJ 07030, United States of America",7030,Hudson County,Hoboken,Hoboken,New Jersey
HB304,40.74641265,-74.038,"Hoboken Catholic Academy, 555 7th Street, Hoboken, NJ 07030, United States of America",7030,Hudson County,Not found,Hoboken,New Jersey
HB305,40.747907,-74.0384,"816 Jackson Street, Hoboken, NJ 07030, United States of America",7030,Hudson County,Hoboken,Hoboken,New Jersey
HB401,40.737551,-74.0417,"58 Jackson Street, Hoboken, NJ 07030, United States of America",7030,Hudson County,Hoboken,Hoboken,New Jersey
HB402,40.73879,-74.0393,"92 Madison Street, Hoboken, NJ 07030, United States of America",7030,Hudson County,Hoboken,Hoboken,New Jersey
HB404,40.74313994,-74.04,"332 Jackson Street, Hoboken, NJ 07030, United States of America",7030,Hudson County,Hoboken,Hoboken,New Jersey
HB407,40.73981372,-74.0369,"412 2nd St, Hoboken, NJ 07030, United States of America",7030,Hudson County,Hoboken,Hoboken,New Jersey
HB408,40.740802,-74.0425,"700 1st Street, Hoboken, NJ 07030, United States of America",7030,Hudson County,Hoboken,Hoboken,New Jersey
HB409,40.73743,-74.0357,"82 Clinton Street, Hoboken, NJ 07030, United States of America",7030,Hudson County,Hoboken,Hoboken,New Jersey
HB501,40.748161,-74.0325,"901 Clinton St, Hoboken, NJ 07030, United States of America",7030,Hudson County,Hoboken,Hoboken,New Jersey
HB502,40.74998491,-74.0272,"PromptMD Family Practice, 1122 Washington St, Hoboken, NJ 07030, United States of America",7030,Hudson County,Hoboken,Hoboken,New Jersey
HB503,40.749943,-74.0359,"ShopRite, 900 Madison Street, Hoboken, NJ 07030, United States of America",7030,Hudson County,Not found,Hoboken,New Jersey
HB505,40.751867,-74.0304,"1132 Willow Avenue, Hoboken, NJ 07030, United States of America",7030,Hudson County,Hoboken,Hoboken,New Jersey
HB506,40.75409,-74.0316,"1396 Grand Street, Hoboken, NJ 07030, United States of America",7030,Hudson County,Not found,Hoboken,New Jersey
HB507,40.75091553,-74.0335,"1100 Adams Street, Hoboken, NJ 07030, United States of America",7030,Hudson County,Hoboken,Hoboken,New Jersey
HB601,40.742659,-74.0322,"500 Park Ave, Hoboken, NJ 07030, United States of America",7030,Hudson County,Hoboken,Hoboken,New Jersey
HB602,40.74313283,-74.027,"Stevens Institute of Technology, Castle Point Terrace, Hoboken, NJ 07030, United States of America",7030,Hudson County,Not found,Hoboken,New Jersey
HB603,40.74598388,-74.0282,"SMT Center, 731 Washington Street, Hoboken, NJ 07030, United States of America",7030,Hudson County,Hoboken,Hoboken,New Jersey
HB607,40.74097261,-74.0286,"Saints Peter and Paul RC Church, 404 Hudson Street, Hoboken, NJ 07030, United States of America",7030,Hudson County,Hoboken,Hoboken,New Jersey
HB608,40.73915273,-74.0331,"201 2nd Street, Hoboken, NJ 07030, United States of America",7030,Hudson County,Not found,Hoboken,New Jersey
JC002,40.714145,-74.0336,"70 Hudson Street, Jersey City, NJ 07302, United States of America",7302,Hudson County,Colgate Center,Jersey City,New Jersey
JC003,40.7177325,-74.0438,"222 Montgomery Street, Jersey City, NJ 07302, United States of America",7302,Hudson County,Jersey City,Jersey City,New Jersey
JC005,40.719586,-74.0431,"Christopher Columbus Drive, Jersey City, NJ 07302, United States of America",7302,Hudson County,Jersey City,Jersey City,New Jersey
JC006,40.7211236,-74.0381,"110 1st Street, Jersey City, NJ 07302, United States of America",7302,Hudson County,Jersey City,Jersey City,New Jersey
JC008,40.7287448,-74.0321,"80 River Drive South, Jersey City, NJ 07310, United States of America",7310,Hudson County,Jersey City,Jersey City,New Jersey
JC009,40.72759597,-74.0442,"McWilliams Place, Jersey City, NJ 07302, United States of America",7302,Hudson County,Jersey City,Jersey City,New Jersey
JC011,40.71653978,-74.0496,"Jersey City Medical Center, 355 Grand Street, Jersey City, NJ 07302, United States of America",7302,Hudson County,Not found,Jersey City,New Jersey
JC013,40.714584,-74.0428,"St Peters Field, Marin Boulevard, Jersey City, NJ 07302, United States of America",7302,Hudson County,Downtown Jersey City,Jersey City,New Jersey
JC014,40.718355,-74.0389,"Citi Bike, Christopher Columbus Drive, Jersey City, NJ 07302, United States of America",7302,Hudson County,Downtown Jersey City,Jersey City,New Jersey
JC018,40.734961,-74.0595,"Jersey City Public Library, Five Corners Branch, 678 Newark Avenue, Jersey City, NJ 07306, United States of America",7306,Hudson County,Indian Square,Jersey City,New Jersey
JC019,40.7311689,-74.0576,"267 Baldwin Avenue, Jersey City, NJ 07306, United States of America",7306,Hudson County,Jersey City,Jersey City,New Jersey
JC020,40.7236589,-74.0642,"Baldwin Avenue at Montgomery Street, Baldwin Avenue, Jersey City, NJ 07306, United States of America",7306,Hudson County,Jersey City,Jersey City,New Jersey
JC022,40.7376037,-74.0525,"77 Jefferson Avenue, Jersey City, NJ 07306, United States of America",7306,Hudson County,Not found,Jersey City,New Jersey
JC023,40.7241765,-74.0507,"303 Newark Avenue, Jersey City, NJ 07302, United States of America",7302,Hudson County,Jersey City,Jersey City,New Jersey
JC024,40.742677,-74.0518,"Central Avenue at Manhattan Avenue, Central Avenue, Jersey City, NJ 07307, United States of America",7307,Hudson County,Jersey City,Jersey City,New Jersey
JC027,40.725289,-74.0456,"617 Jersey Avenue, Jersey City, NJ 07302, United States of America",7302,Hudson County,Jersey City,Jersey City,New Jersey
JC032,40.721525,-74.0463,"201 Newark Avenue, Jersey City, NJ 07302, United States of America",7302,Hudson County,Jersey City,Jersey City,New Jersey
JC034,40.73478582,-74.0504,"2 Beacon Avenue, Jersey City, NJ 07306, United States of America",7306,Hudson County,Not found,Jersey City,New Jersey
JC035,40.71848892,-74.0477,"469 Jersey Avenue, Jersey City, NJ 07302, United States of America",7302,Hudson County,Jersey City,Jersey City,New Jersey
JC038,40.712774,-74.0365,"Clermont Cove, 1 Greene Street, Jersey City, NJ 07302, United States of America",7302,Hudson County,Colgate Center,Jersey City,New Jersey
JC051,40.718211,-74.0836,"333 Union Street, Jersey City, NJ 07304, United States of America",7304,Hudson County,Not found,Jersey City,New Jersey
JC052,40.711242,-74.0557,"Liberty State Park Park-Ride, Communipaw Avenue, Jersey City, NJ 07302, United States of America",7302,Hudson County,Not found,Jersey City,New Jersey
JC053,40.724605,-74.0784,"151 Kensington Avenue, Jersey City, NJ 07304, United States of America",7304,Hudson County,Jersey City,Jersey City,New Jersey
JC055,40.72533993,-74.0676,"Foley Place, Jersey City, NJ 07306, United States of America",7306,Hudson County,Jersey City,Jersey City,New Jersey
JC056,40.730897,-74.0639,"7-Eleven, 922 Bergen Avenue, Jersey City, NJ 07306, United States of America",7306,Hudson County,Jersey City,Jersey City,New Jersey
JC057,40.7443187,-74.044,"461 Palisade Avenue, Jersey City, NJ 07087, United States of America",7087,Hudson County,Not found,Jersey City,New Jersey
JC059,40.74871595,-74.0404,"Congress Street, Jersey City, NJ 07307, United States of America",7307,Hudson County,Jersey City,Jersey City,New Jersey
JC063,40.71113,-74.0789,"363 Martin Luther King Drive, Jersey City, NJ 07305, United States of America",7305,Hudson County,Jersey City,Jersey City,New Jersey
JC065,40.737711,-74.0669,"Dey Street, Jersey City, NJ 07306, United States of America",7306,Hudson County,Jersey City,Jersey City,New Jersey
JC066,40.7272235,-74.0338,"Newport (PATH), Town Square Place, Jersey City, NJ 07310, United States of America",7310,Hudson County,Newport,Jersey City,New Jersey
JC072,40.71241882,-74.0385,"174 Washington Street, Jersey City, NJ 07302, United States of America",7302,Hudson County,Jersey City,Jersey City,New Jersey
JC074,40.72333159,-74.046,"577 Jersey Avenue, Jersey City, NJ 07302, United States of America",7302,Hudson County,Jersey City,Jersey City,New Jersey
JC075,40.725685,-74.0488,"320 1/2 6th Street, Jersey City, NJ 07302, United States of America",7302,Hudson County,Jersey City,Jersey City,New Jersey
JC076,40.72163,-74.05,"158 Wayne Street, Jersey City, NJ 07302, United States of America",7302,Hudson County,Not found,Jersey City,New Jersey
JC077,40.719282,-74.0713,"139 Monticello Avenue, Jersey City, NJ 07304, United States of America",7304,Hudson County,Not found,Jersey City,New Jersey
JC078,40.71346383,-74.0629,"Monumental Baptist Church, Lafayette Street, Jersey City, NJ 07304, United States of America",7304,Hudson County,Jersey City,Jersey City,New Jersey
JC080,40.74590997,-74.0573,"199 Sherman Place, Jersey City, NJ 07307, United States of America",7307,Hudson County,Not found,Jersey City,New Jersey
JC081,40.72601173,-74.0504,"183 Brunswick Street, Jersey City, NJ 07302, United States of America",7302,Hudson County,Jersey City,Jersey City,New Jersey
JC082,40.72165072,-74.0429,"367 Manila Avenue, Jersey City, NJ 07302, United States of America",7302,Hudson County,Newport,Jersey City,New Jersey
JC084,40.714358,-74.0666,"2 Berry Lane, Jersey City, NJ 07304, United States of America",7304,Hudson County,Not found,Jersey City,New Jersey
JC093,40.725726,-74.072,"351 Fairmount Avenue, Jersey City, NJ 07306, United States of America",7306,Hudson County,Jersey City,Jersey City,New Jersey
JC094,40.727551,-74.0711,"St. Peter's University, Tuers Avenue, Jersey City, NJ 07306, United States of America",7306,Hudson County,Not found,Jersey City,New Jersey
JC095,40.72210379,-74.0715,"644 Bergen Avenue, Jersey City, NJ 07304, United States of America",7304,Hudson County,Jersey City,Jersey City,New Jersey
JC096,40.71649,-74.0411,"163 York Street, Jersey City, NJ 07302, United States of America",7302,Hudson County,Downtown Jersey City,Jersey City,New Jersey
JC097,40.716615,-74.0424,"190 York Street, Jersey City, NJ 07302, United States of America",7302,Hudson County,Downtown Jersey City,Jersey City,New Jersey
JC098,40.724294,-74.0355,"Thomas Gangemi Drive, Jersey City, NJ 07302, United States of America",7302,Hudson County,Newport,Jersey City,New Jersey
JC099,40.71942,-74.051,"358 Montgomery Street, Jersey City, NJ 07302, United States of America",7302,Hudson County,Jersey City,Jersey City,New Jersey
JC102,40.71517768,-74.0377,"93 Grand Street, Jersey City, NJ 07302, United States of America",7302,Hudson County,Jersey City,Jersey City,New Jersey
JC103,40.73367,-74.0625,"91 Van Reipen Avenue, Jersey City, NJ 07306, United States of America",7306,Hudson County,Indian Square,Jersey City,New Jersey
JC104,40.7192517,-74.0342,"Harborside Plaza 5, 185 Hudson Street, Jersey City, NJ 07311, United States of America",7311,Hudson County,Downtown Jersey City,Jersey City,New Jersey
JC105,40.735208,-74.047,"96 Hoboken Avenue, Jersey City, NJ 07310, United States of America",7310,Hudson County,Not found,Jersey City,New Jersey
JC106,40.71687,-74.0328,"Exchange Place (PATH), Christopher Columbus Drive, Jersey City, NJ 07311, United States of America",7311,Hudson County,Downtown Jersey City,Jersey City,New Jersey
JC107,40.709198,-74.0808,"84 Grant Avenue, Jersey City, NJ 07305, United States of America",7305,Hudson County,Not found,Jersey City,New Jersey
JC108,40.706575,-74.0867,"110 Bergen Avenue, Jersey City, NJ 07305, United States of America",7305,Hudson County,Not found,Jersey City,New Jersey
JC109,40.73100889,-74.0644,"40 John F. Kennedy Boulevard, Jersey City, NJ 07306, United States of America",7306,Hudson County,Jersey City,Jersey City,New Jersey
JC110,40.715391,-74.0497,"Jersey City Medical Center, 355 Grand Street, Jersey City, NJ 07302, United States of America",7302,Hudson County,Not found,Jersey City,New Jersey
JC115,40.71941,-74.0431,"315 Grove Street, Jersey City, NJ 07302, United States of America",7302,Hudson County,Downtown Jersey City,Jersey City,New Jersey
JC116,40.71636596,-74.0343,"Montgomery Street, Jersey City, NJ 07306, United States of America",7306,Hudson County,Downtown Jersey City,Jersey City,New Jersey
JCSYS,40.70965083,-74.0686,"198 Forrest Street, Jersey City, NJ 07304, United States of America",7304,Hudson County,Not found,Jersey City,New Jersey
MTL-ECO5-LAB,40.74716563,-74.089,"Koppers Dredged Material Recycling Facility, 1 Fish House Road, Kearny, NJ 07032, United States of America",7032,Hudson County,Kearny,Kearny,New Jersey
Shop Morgan ,40.70987334,-73.9316,"154 Morgan Avenue, New York, NY 11237, United States of America",11237,Not found,Not found,New York,New York
SYS035,40.72865963,-74.012,"Pier 40, West Houston Street, New York, NY 10014, United States of America",10014,New York County,West Village,New York,New York
